{"val_loss_":0.875,"n_examples":5248,"test_loss_":0.8012820512820513,"_wandb":{"runtime":245},"epoch":0,"train_specificity":0.9671886651752424,"train_acc_":0.010566484416617892,"train_accuracy":78.3155487804878,"train_sensitivity":0.872,"test_specificity":0.6794871794871795,"train_loss":0.19119136035442352,"test_acc_":0.025840216340162814,"train_loss_":0.8964723926380368,"_timestamp":1.732761580564733e+09,"val_specificity":0.875,"test_sensitivity":0.8743589743589744,"val_acc_":0.041495181620121,"_runtime":216.127389,"_step":85,"val_sensitivity":0.875}