{"val_acc_":1.0431352853775024,"Sensitivity":0.9897435897435898,"_wandb":{"runtime":281},"_runtime":281.070377,"_step":86,"n_examples":5248,"val_specificity":0.375,"Specificity":0.29914529914529914,"train_loss_":90.83460365853658,"test_loss_":71.25,"_timestamp":1.732762209543481e+09,"val_sensitivity":1,"train_sensitivity":0.9852903225806452,"train_specificity":0.7076808351976137,"epoch":0,"train_accuracy":81.13567073170732,"val_loss_":17.1875,"train_loss":0.48783352971076965,"test_specificity":0.29914529914529914,"test_sensitivity":0.9897435897435898,"train_acc_":0.2492118104383713,"test_acc_":1.4378884434700012}