{"n_examples":5248,"train_specificity":0.9060402684563759,"train_loss_":0.3654598875380144,"_wandb":{"runtime":313},"train_accuracy":78.5251524390244,"_timestamp":1.732762582200274e+09,"val_sensitivity":0.875,"Sensitivity":0.9256410256410257,"val_acc_":21.875,"train_sensitivity":0.9272258064516129,"_step":86,"epoch":0,"test_loss_":1.5657539367675781,"train_acc_":91.61585365853658,"test_sensitivity":0.9256410256410257,"test_specificity":0.5769230769230769,"Specificity":0.5769230769230769,"train_loss":0.15511393547058105,"val_specificity":0.875,"_runtime":313.281101,"val_loss_":0.5009012222290039,"test_acc_":77.5}