{"_timestamp":1.732753999317699e+09,"_runtime":176.515496,"_step":81,"n_examples":5248,"train_loss":0.30629420280456543,"_wandb":{"runtime":227}}