{"train_loss":0.42086946964263916,"_step":83,"_runtime":244.176996,"_timestamp":1.732760549828894e+09,"_wandb":{"runtime":244},"epoch":0,"val_acc_":0.08512435853481293,"val_loss_":0.5625,"test_acc_":0.028587074902577277,"train_acc_":0.005886989234278173,"n_examples":5248,"Sensitivity":0.9846153846153847,"train_loss_":0.8997315950920245,"Specificity":0.31196581196581197,"test_loss_":0.7323717948717948}